user,content,translation,timestamp,country,sentiment,issue/problema,standpoint,arguments
@dan_doshal,"×•××– ×“×‘ ×•××•××‘ ×¢×©×• ××—×•×•×” × ×”×“×¨×ª ×œ×’×©×© ×‘×©×™×¨×™× ×•×©×¢×¨×™×.
""×“×•×‘×™, ×ª×©××œ ××•×ª×• ×‘×‘×§×©×” ××” ×™×¢×©×” ×›×©×™×™×›× ×¡×• ×”×˜× ×§×™×""
""×–×” ×‘×“×™×•×§ ××” ×©×©××œ×ª×™ ××•×ª×• ××•××‘""","Then Dov and Moab made a great tribute to HaGashash [Alon: HaGashash is an old Israeli comedy group] in songs and gates [Alon: gates?]. ""Dovy, please ask him what he will do when the tanks come in"" ""That's exactly what I asked him Moab""","Feb 25, 2022 Â· 5:48 PM UTC",IL,,,,
@WinnieRottem,"××•×§×¨×™×™× ×” ×ª×—×™×œ×”?
××•×œ×™ ×›×“××™ ×©×”×›×ª×‘×™× ××¦×œ×›× ×™×’×¨×• ×›×“×•×¨×™× ×œ×‘×¢×™×•×ª ×–×™×›×¨×•×Ÿ.
×¤×•×˜×™×Ÿ ×”×—×œ ×‘×›×™×‘×•×© ×œ×¤× ×™ ×›××” ×©× ×™× ×›××©×¨ ×‘×§×œ×•×ª ×›×‘×© ××ª ×§×¨××™×™×”",Ukraine started? Maybe you should have your reporters take pills for memory problems. Putin started the occupation a few years ago when he easily conquered Crimea,"Feb 24, 2022 Â· 7:44 PM UTC",IL,,,,
@Naftali81889848,"××™×š ××œ×—××” ×‘×××” ×”× ×•×›×—×™×ª ×›×œ-×›×š ××œ××” ×‘×“×™×¡ ××™× ×¤×•×¨××¦×™×”, ×¤×•×˜×™×Ÿ ×›×‘×¨ ×™×›×•×œ ×œ×”×›×ª×™×¨ ××ª ×¢×¦××• ×œ××œ×š","How is war in this century so full of disinformation, Putin can already crown himself king","Feb 24, 2022 Â· 12:39 PM UTC",IL,,,,
@greenmarav,×œ××” ×”× ××‘×§×¨×•×ª ×‘×§×™×™×‘ ×œ××¨×•×ª ×©×›×‘×¨ 3 ×©×‘×•×¢×•×ª ××‘×§×©×™× ×××–×¨×—×™× ×™×©×¨××œ×™× ×œ×¦××ª ×××•×§×¨×™× ×” ×•××©×¨×“ ×”×—×•×¥ ××¤×¨×¡× ××–×”×¨×•×ª ××¡×¢. ×¢×›×©×™×• ×©×™×”×™×” ×œ×ª×™×™×¨×•×ª ×”×—×›××•×ª ×‘×”×¦×œ×—×”.,Why are they visiting Kiev even though Israeli citizens have been asked to leave Ukraine for 3 weeks and the Ministry of Foreign Affairs is issuing travel warnings. I wish good luck to these smart tourist [Alon: this sentence is sarcasti].,"Feb 24, 2022 Â· 8:43 AM UTC",IL,,,,
@bobsfog2021,"×”×›×•×—×•×ª ×‘×•×¨×—×™× ××”×¦×‘× ×”×¨×•×¡×™.  ×¢×•×“ ××¢×˜ ×™×§×™××• ××ª ×‘×¨×™×”× ××—×“×©. ××•×œ×“×•×‘×” ×”×‘××” ×‘×ª×•×¨. ××—×¨×™ ×–×” ×œ×™×˜×,×œ×˜×‘×™×”.. ××—×¨×™ ×–×” ×›×œ ××™× ×™ -×¡×˜×× ×™× ×œ××™× ×™×”×...××•×–×‘×§×™×¡×˜××•,×§×™×¨×’×™×–×¡×˜××Ÿ ×•×›×•.","The troops are fleeing from the Russian army. Soon they will rebuild the USSR. Moldova is next. After that, Lithuania, Latvia.. After that, all kinds of Stans... Uzbekistan, Kyrgyzstan, etc.","Feb 24, 2022 Â· 9:36 AM UTC",IL,,,,
@EfesEfesSheva,×¤×•×˜×™×Ÿ ×™×ª×§×•×£ ×¦×‘××™×ª. ×™×—×˜×•×£ ×›×œ×›×œ×™×ª. ×”×•× ×™×©×œ× ××—×™×¨ ×××•×“ ×›×‘×“ ×¢×œ ×”×¦×¢×“ ×”×–×”. ××‘×œ ×œ×¢×•×œ× ×”×•× ×™×¦×˜×™×™×¨ ×›×× ×¦×— ××œ×™× ×•×‘×¨×™×•×Ÿ,Putin will attack militarily. will be hit financially. He will pay a very heavy price for this step. But he will always be portrayed as a violent victor and a bully,"Feb 24, 2022 Â· 10:59 AM UTC",IL,,,,
@mfitzor,"×•×œ×¤×™×“ ×¦×¨×™×š ×œ×œ××•×“ ×œ×©×ª×•×§!
×××¨ ×©×‘× ×œ×¢×‘×•×“, ××– ×©×™×§×— ××˜××˜× ×•×™× ×§×” ××ª ×—×“×¨ ×”××“×¨×’×•×ª.
×›×œ ××™×œ×” ××™×•×ª×¨×ª!","And Lapid [Alon: alternate prime minister at the time] needs to learn to shut up! He said he came to work, so he should take a broom and clean the stairs. No need for words!","Feb 24, 2022 Â· 7:22 AM UTC",IL,,,,
@BorisY28,××• ×©×”× ×™×§×™×™××• ××ª ××™×¨×•×¢×™ ×”×¡×¤×•×¨×˜ ×©× ×¨×§ ×ª×—×ª ×“×’×œ ××—×¨,Or they will hold the sports events there only under a different flag,"Feb 25, 2022 Â· 2:49 PM UTC",IL,,,,
@moshecohenz1,"×× ×œ×™×¡, ×™× ××¤×¡ ××¦×™×¢ ××ª ×‘×™×‘×™ ×”××•×©×—×ª ×œ××ª×•×•×š!!! ×‘×™×‘×™×¡×˜ ×“×¤×•×§!!! ×©×§×•×£ ×›××• ×©×ª×Ÿ ×©×œ ×—××•×¨!!! ×‘×™×‘×™ ×›×‘×¨ ×‘×¤×— ×”××©×¤×” ×©×œ ×”×”×™×¡×˜×•×¨×™×”! ×’× ××ª×” ×‘×§×¨×•×‘ ×××Ÿ","Manelis you loser, offering the corrupt Bibi to the middleman!!! Fucked bibist!!! Transparent like a donkey's urine!!! Bibi is already in the dustbin of history! You too will be soon Amen","Feb 26, 2022 Â· 6:16 PM UTC",IL,,,,
@Yaakov82547150,"×”××™×© ×”×–×” ×˜×™×¤×© ×•××˜×•×¤×© ×××¤×™×™×Ÿ ××•××¨ ×”×™×™×ª×” ×”×¢×¨×›×ª ××•×“×™×¢×™×Ÿ .
×‘×›××” ××©×¤×˜×™× ×©×œ ×× ×©×™× ×—×¡×¨×™  ×©×›×œ ×•× ×™×¡×™×•×Ÿ .
××•××¨ ×©×”× ×”×¡×ª××›×• ×¢×œ ×”××–×¨×—×™× ×”×™×©×¨××œ×™× ×©×”×™×• ×‘××•×§×¨×™× ×”.
×”×›×©×œ×•×Ÿ ××”×“×”×“ !
×—×™×™×‘×™× ×œ×”×§×™× ×•×¢×“×ª ×—×§×™×¨×” ××™×š ×”×—×œ×•×œ ×•×”× ×•×›×œ ×œ× ×”×¦×œ×™×—×• ×œ×”×•×¦×™× ××ª ×”×™×©×¨××œ×™× ×××•×§×¨×™×™× ×”.
×× ×”×™×’×™× ×©× ×•×ª× ×™× ×œ××–×œ ×œ× ×”×œ ××•×ª× ×• .","This man is stupid, says was an intelligence assessment. In a few sentences of brainless and inexperienced people. Says they relied on the Israeli citizens who were in Ukraine. The failure resonates! We must establish a commission of inquiry into how the hollow and the crook failed to get the Israelis out of Ukraine. Leaders who let luck manage us.","Feb 26, 2022 Â· 9:21 AM UTC",IL,,,,
@DrGA890,"×œ××” ×”××™×©×” ×©×œ ×©×¨ ×”××©×¤×˜×™× ××©×“×¨×ª ×‘×¢×¨×•×¥ ×¦×™×‘×•×¨×™?
×–×” × ×™×’×•×“ ×¢× ×™×™× ×™× ×—××•×¨. ×¡×˜×™×™×œ ×¦×¤×•×Ÿ ×§×•×¨×™××”. 
××ª× ×‘×•×©×” ×œ×“××•×§×¨×˜×™×”.",Why is the wife of the Minister of Justice broadcasting on a public channel? This is a serious conflict of interest. North Korean style. You are a disgrace to democracy.,"Feb 25, 2022 Â· 8:15 PM UTC",IL,,,,
@udTiPlKqXhPNTBG,×”×œ×•××™ ×©×”××•×§×¨××™× ×™× ×™×’×™×¡×• ××ª ×“×‘ ×’×™×œ ×”×¨ ×œ×¦×‘× ×©×œ×”× ×•×‘×‘×ª ××—×ª ×’×œ ×× ×—× ×• × ×¨×•×•×™×— ×¤×—×•×ª ×©×××œ×™ ×§×™×¦×•× ×™ ×‘×ª×©×§×•×¨×ª ×”××©×›× ×–×™×ª,I wish the Ukrainians would recruit Dov Gil Har to their army and then at the same time we will gain one less extreme leftist in the Ashkenazi media,"Feb 25, 2022 Â· 10:21 AM UTC",IL,,,,
@ShemuelMeir,"×”×‘×¢×™×™×” ×”××“×™× ×™×ª ×‘×¤× ×™ ×™×©×¨××œ ×¨×§ ×ª×ª×—×™×œ ××—×¨×™ ×›×©×œ×•×Ÿ ×”×¦×¢×ª ×”×”×—×œ×˜×” ×”××¢×¨×‘×™×ª ×‘××•×¢×¦×ª ×”×‘×˜×—×•×Ÿ ×•×”×•×˜×• ×”×¨×•×¡×™: ×”×˜×§×¡×˜ ×”××•×¦×¢ ×©×œ ××¨×”""×‘, ×¦×¨×¤×ª ×•×‘×¨×™×˜× ×™×” ×™×”×¤×•×š ×œ×¡×˜× ×“×¨×˜ ×‘×–×™×¨×” ×”×‘×™× ×œ××•××™×ª ×•××¨×”""×‘ ×ª×“×¨×•×© ×ª××™×›×” ×‘×• ××”×©×•×ª×¤×•×ª ×•×‘×¢×œ×•×ª ×”×‘×¨×™×ª ×©×œ×”, ×‘×›×œ×œ ×–×” ×™×©×¨××œ, ×¢×œ ×× ×ª ×œ×‘×•×“×“ ××ª ×¤×•×˜×™×Ÿ, ×‘× ×•×¡×£ ×œ×”×˜×œ×ª ×”×¡× ×§×¦×™×•×ª ×”×§×©×•×ª.","The political problem before Israel will only begin after the failure of the Western resolution proposal in the Security Council and the Russian veto: the text proposed by the USA, France and Great Britain will become a standard in the international arena and the USA will demand support for it from its partners and allies, including Israel, in order to isolate Putin, In addition to imposing the severe sanctions.","Feb 25, 2022 Â· 6:26 AM UTC",IL,,,,
@suijQcjiaya4fZO,×¨×§ ×¢× ×’×™× ×•×™×™× ×× ×¦×—×™×. ×¢×•×œ× ×”×•×œ×š ×•× ×¢×œ× ×¢× ×—×‘×•×¨×” ×©×œ ×× ×”×™×’×™× ×”×–×•×™×™×.,You win only with condemnations. The world is disappearing with a bunch of delusional leaders.,"Feb 25, 2022 Â· 6:30 AM UTC",IL,,,,
@LamgerYaron,"××¦×“ ××—×“ ×”× ×“×™ ×”×•×©×¤×œ×•, × ×”×“×¤×• ××¢×¨×™×, ×—×œ×§ ×‘×¨×—×• ××§×¨×‘×•×ª, ×•××¤×™×œ×• × ×œ×§×—×• ×‘×©×‘×™. ××¦×“ ×©× ×™ ××œ×• ×œ× ××•×‘×—×¨×™× ××• ×”×××•×× ×™×, ×•××“×•×‘×¨ ×‘×¢×¨×š ×‘×©×œ×™×© ××”×›×— ×”×›×•×œ×œ ×©×¤×¢×œ ×‘×©×˜×—","On the one hand, they were quite humiliated, pushed out of cities, some fled from battles, and were even taken captive. On the other hand, these are not elite or trained, and it is about a third of the total force that operated in the field","Feb 25, 2022 Â· 2:48 AM UTC",IL,,,,
@nah99313673,×××¨×• ×œ×”× ×œ×‘×¨×•×— 3 ×©×‘×•×¢×•×ª! ×¢×›×©×™×• ××ª×œ×•× × ×™× ×©×œ× ×¢×•× ×™× ×œ×˜×œ×¤×•× ×™×?,They were told to run away for 3 weeks! Now they complain about not answering the phones?,"Feb 24, 2022 Â· 5:31 AM UTC",IL,,,,
@V7bvhBOKxgBIzUt,"×—×“×©×•×ª ×›××Ÿ ×× ×¡×™× ×œ×©×•×•×§ ×œ× ×• ××ª ×”× ×•×›×œ, ×•×œ×”×’×“×™×œ ××ª ×” 0","KAN News is trying to market the rogue to us, and increase the 0 [Alon: idk what this means]","Feb 28, 2022 Â· 4:36 PM UTC",IL,,,,
@MytSnyydr,"×©×“×¨×Ÿ ××™×›×•×ª×™ ××¢×•×œ×”. ×œ×›×œ ×”××¦×§×¦×§×™× ×¤×” ××—×•×œ×•×Ÿ ×‘×•× × ×©××¢ ××ª ×”×× ×’×œ×™×ª ×©×œ×›×...
×•×¡×š ×”×›×œ ×”×’×™×•× ×™ ×œ×‘×“×•×§ ×¤×¢××™×™× ××” ×¤×©×¨×” ×©×œ ×”×”×•×¨××” ""×œ×”×•×¨×™×“ ×’× ×ª×™×§×™× ×œ×œ×•×‘×™..."" 
×›××™×œ×• ××™×œ× ×”×•× ×œ××§×œ×˜ 
××‘×œ ×”×ª×™×§!?
×–×” ×¦'×™×§ ×”××•×˜!?","Excellent quality broadcaster. To all the people here from Holon dismissing him, let's hear your English... And all in all, it makes sense to check twice what is meant by the instruction ""to also take bags down to the lobby..."" Itâ€™s one thing to take himslef to the shelter, but the bag as well!? Is this a check-out!?","Feb 24, 2022 Â· 7:41 AM UTC",IL,,,,
@LenaDigIL,"××¡×ª××Ÿ ×©×©××™×™× ×¡×’×•×¨×™× ×–×” ××£ ×¤×¢× ×œ× ×¡×™××Ÿ ×˜×•×‘

× ×•×¨× ××” ×©×§×•×¨×. × ×•×¨×",It turns out that a closed sky is never a good sign. It is terrible whatâ€™s happening. Horrible,"Feb 24, 2022 Â· 7:47 AM UTC",IL,,,,
@keetyko,"×× ×¨×§ ×”×™×™×ª×” ×›×™×¤×ª ×‘×¨×–×œ ×œ××•×§×¨××™× ×”... ××‘×œ ×œ×, ×™×©×¨××œ ×”×˜×™×œ×” ×•×˜×•.","If only there was an iron dome for Ukraine... but no, Israel vetoed it.","Feb 24, 2022 Â· 8:39 AM UTC",IL,,,,
@yehudit93285265,×™×©×¨××œ ×¦×‘× ×”×’× ×” ×œ×™×©×¨××œ ×©×™×œ××“×• ××©×”×• ×—×™×™×œ×™× ×©×œ ×”×¦×‘× ×”×¨×•×¡×™ ××¢×™×™×¤×™× ××˜×¨×•×ª ×‘×œ×™ ×œ××¦××¥,"Israel, the Israel Defense Forces need to learn something from the soldiers of the Russian army, they wear out targets without blinking","Feb 24, 2022 Â· 2:35 PM UTC",IL,,,,
@DoronBl,× ×™×’×•×“ ×¢× ×™×™× ×™× ×—××•×¨ ×©×™× ×”×©×—×™×ª×•×ª ××©×™×ª×• ×©×œ ×©×¨ ×”××©×¤×™× ××©×“×¨×ª ×—×“×©×•×ª . ×“×™ ×œ×¤×©×¢×™×.,"A serious conflict of interest, the height of corruption. The wife of the minister of justice broadcasts the news. Enough with the crimes.","Feb 25, 2022 Â· 7:18 PM UTC",IL,,,,
@DoronBl,× ×™×’×•×“ ×¢× ×™×™× ×™× ×—××•×¨ ××©×ª×• ×©×œ ×©×¨ ×”××©×¤×˜×™× ××©×“×¨×ª ×—×“×©×•×ª ×œ××™×™×–×” ×‘×•×¨×•×ª ×©×œ  ×©×—×¢×ª×•×ª ×”×“×¨×“×¨× ×•,"A serious conflict of interest. The wife of the Minister of Justice broadcasts the news, to what ignorance of corruption we have degenerated","Feb 25, 2022 Â· 6:53 PM UTC",IL,,,,
@shirant3,××“×”×™× ×©×’× ×¢×›×©×™×• ××™×Ÿ ×œ×›× ×©×•× ×‘×™×§×•×¨×ª ×¢×œ ×”×”×ª× ×”×œ×•×ª ×©×œ ×”×××©×œ×” ×”×–×•! ×‘×•×©×”,It's amazing that even now you have no criticism towards the conduct of this government! Shame,"Feb 25, 2022 Â· 12:47 PM UTC",IL,,,,
@Kojack_T,×©×¨×¤×• ××ª ×”×“×¨×›×•× ×™×? ×‘×¡×“×¨... ×¢×•×“ ×—×•×“×© ×™×’×™×¢×• ×œ×©×’×¨×™×¨×•×ª ×œ×”×–××™×Ÿ ×—×“×©...,Burned the passports? OK... in a month they will come to the embassy to order a new one...,"Feb 25, 2022 Â· 6:59 AM UTC",IL,,,,
@9cUwpcUTaRA22PF,"×¨×•×¦×™× ×œ×”×ª×¢×“×›×Ÿ ×‘×›×œ ××” ×©×§×•×¨×” ×‘×™×Ÿ ×¨×•×¡×™×” ×œ××•×§×¨××™× ×”?
×–×™×¨×ª ×”×—×“×©×•×ª
×›×œ ×”×—×“×©×•×ª ×•×”×¢×“×›×•× ×™× ×‘××§×•× ××—×“
chat.whatsapp.com/I0qhLmdtdPâ€¦",Want to keep up to date with everything that's happening between Russia and Ukraine? the news arena All the news and updates in one place chat.whatsapp.com/I0qhLmdtdPâ€¦,"Feb 24, 2022 Â· 7:22 PM UTC",IL,,,,
@mazkirhakibutz,"×›×‘×¨ 10 ×“×§×•×ª ×”×›×ª×•×‘×™×ª ×©×œ×›× ×‘×—×“×©×•×ª 11 

""×¢×™×¨×™×™×ª ××•×§×¨××™× ×”""!

××™ × ×¨×“× ××¦×œ×›×?","For the last 10 minutes your subtitles on TV say  ""Municipality of Ukraine""!  Who fell asleep at your place?","Feb 25, 2022 Â· 6:37 AM UTC",IL,,,,
@orenco1,×©×›×—×• ×©×¨×§ ×œ×¤× ×™ 9 ×—×•×“×©×™× ×¢×¤×• ×œ× ×• ××œ×¤×™ ×˜×™×œ×™× ××¢×œ ×”×¨××©..,They forgot that only 9 months ago thousands of missiles flew over our heads..,"Feb 25, 2022 Â· 1:17 PM UTC",IL,,,,
@KhnMyry,"××™ ×”××§×•×¨ ×‘× ×˜ğŸ˜­ğŸ˜­ğŸ˜­ ×¢×•×“ ×¤×™×™×§
×•×œ× ×œ×©×›×•×— ×›×œ ×”×—×•××¨×™× × ××¦××™× ×‘×©×§×™×ª ×©×œ ××œ×§×™×Ÿ","Who is the source, Bennett?ğŸ˜­ğŸ˜­ğŸ˜­ [Alon: prime minister at the time] Another fake And don't forget that all the material is in Elkinâ€™s bag [Alon: Elkin is a minister who took part in the meeting between Bennett and Putin]","Feb 26, 2022 Â· 9:24 AM UTC",IL,,,,
@AryehHasfari,×¨×§ ××•×¡×˜×¨×œ×™ ×™×”×™×” ××•×¤×ª×¢ ××”×ª×¨×—×©×•×ª ×©×œ ×¡×™×˜×•××¦×™×” ×©××•×ª×” ×”×•× × ×©×œ×— ×œ×¡×§×¨,Only an Australian would be surprised by the occurrence of a situation he was sent to investigate,"Feb 24, 2022 Â· 10:36 AM UTC",IL,,,,
@slimsagi,×©×™×œ×š ×œ×”×–×“×™×™×Ÿ ×”×“×•×‘×¨. ××•×ª×• ×“×‘×¨ ×”×•× ×××¨ ×¢×œ ×¤×¢×™×œ×•×ª ×©×œ ×¦×”×´×œ . ×•××ª× ××¤×¨×¡××™× ×‘× ×™ ×–×•× ×•×¦,"Fuck the speaker. He said the same thing about the activities of the IDF. And you publish this, you songs of bitches","Feb 25, 2022 Â· 1:11 PM UTC",IL,,,,
@QVLsgKAiEEsd3aD,"××™ ×¢×•×“ ×¦×•×¤×” ×‘××©×ª ×”×©×¨, ×©×¦×¨×™×š ×œ×¢×‘×•×¨ ×—×§×™×¨×•×ª ×¢×œ ×¢×‘×™×¨×•×ª ×—××•×¨×•×ª, ×©××™×•×—×¡×•×ª ×œ×• ×•×©××•×¡×ª×¨×•×ª?!","Who else is watching the minister's wife, who needs to be investigated for serious crimes, which are attributed to him and which are hidden?!","Feb 25, 2022 Â· 8:53 PM UTC",IL,,,,
@Sueellen_oh_no,But where they are about me???? Alaskan lonley hunter wildlife & with my *SAINT* HUSBAND ARE THEY GIVING UP ON EVERYTHING YET & JUST LETTING HIM TO COME HERE SAVE ME?,But where they are about me???? Alaskan lonley hunter wildlife & with my *SAINT* HUSBAND ARE THEY GIVING UP ON EVERYTHING YET & JUST LETTING HIM TO COME HERE SAVE ME?,"Feb 24, 2022 Â· 8:20 PM UTC",IL,,,,
@guyncohen,×–××ª ×‘×“×™×•×§ ×”×¡×™×‘×” ×©×‘×’×œ×œ×” ×¤×•×˜×™×Ÿ ×™×¦× ×œ××œ×—××” ××”×œ×›×™× ×›××œ×• ××¢×¨×¢×¨×™× ××ª ×”×™×¦×™×‘×•×ª ×©×œ ×¨×•×¡×™×”.,"This is exactly the reason why Putin went to war, such moves undermine the stability of Russia.","Feb 24, 2022 Â· 9:13 AM UTC",IL,,,,
@Reuven_berger,"××™×–×• ×¢×™×ª×•× ×•×ª ×–×•×œ×”, ××‘×œ×‘×œ×™× ××ª ×”××•×— 24/7 ×›×“×™ ×©×”×¦×•×¤×™× ×‘×‘×™×ª ×™×©×™××• ×—×“×©×•×ª ×‘×¨×§×¢. ××™×Ÿ ×¤×œ× ×©×¨×•×‘ ×”××–×¨×—×™× ×”×¤×¡×™×§×• ×œ×¦×¤×•×ª ×•××™ ×©×××©×™×š ×”×•× ×›×‘×©×” ×‘×œ×™ ×—×©×™×‘×” ×§×¨×™×˜×™×ª","What cheap journalism, talking nonsense 24/7 so that the viewers at home will put news in the background. No wonder most citizens have stopped watching and whoever continues is a sheep without critical thinking","Feb 28, 2022 Â· 8:59 AM UTC",IL,,,,
@yehudit93285265,×¢×›×©×™×• ××“×‘×¨×™× ×¢×œ ×”×ª×›×•× ×™×ª ××¨×¥ × ×”×“×¨×ª ×”×™× ×œ× ×¡×“×¨×” ×‘××•×•×™×¨×” ×˜×•×‘×” ×”×™× ×œ×œ×¢×•×’ ×•×œ×¦×—×•×§ ×œ××§×•×¨×•×ª ×”×™×¡×˜×•×¨×™×” ×”×™×”×•×“×™×ª,"Now we are talking about the program, Eretz Nehederet [Alon: this is an Israeli satire news show] is not a series in a good atmosphere, it is to mock and laugh at the origins of Jewish history","Feb 24, 2022 Â· 3:55 PM UTC",IL,,,,
@israelit2009,×›× ×¨××” ×©×‘×›×œ ×–××ª ×œ×¤×™×“ ×”×¦×œ×™×— ×œ×œ×›×ª ×‘×™×Ÿ ×”×˜×™×¤×•×ª. ×‘×˜×•×— ×©×›×œ ×”×”× ×”×’×” ×—×©×‘×” ×¢×œ ×›×œ ××™×œ×”,"Apparently, after all, Lapid managed to â€˜walk between the dropsâ€™ [Alon: =to speak carefully as to not attract criticism]. It is certain that the entire leadership thought of every word","Feb 25, 2022 Â· 6:36 PM UTC",IL,,,,
@VVitber,"×¤×¡×™×›×•×¤×˜ ×¤×•×˜×™×Ÿ ×œ× ×¨×•×¦×” ×©×•× ×“×™×‘×•×¨ ×¢× ×”×××©×œ×” ×”×—×•×§×™×ª ×©×œ ××•×§×¨××™× ×”. ×¦×¨×™×š ×œ×”×¤×¡×™×§ ×œ×—×©×•×© ×•×× ×¦×¨×™×š, ×œ×¡×¤×§ × ×©×§ ×œ××•×§×¨××™× ×”.","Psychopath Putin does not want any talk with the legitimate government of Ukraine. We should stop worrying and if necessary, supply weapons to Ukraine.","Feb 25, 2022 Â· 6:24 PM UTC",IL,,,,
@Sk34735097,"×”×™×ª×” ×”×¢×¨×›×ª ×—×¡×¨????
×”××•×“×™×¢×™×Ÿ ×”×××¨×™×§××™ ×××¨ ×¢×œ ×”×–××Ÿ.
××” ×–×” ××•××¨ ×¢×œ ×××Ÿ ? ×× ×™ ×××•×“ ××•×“××’.",Was there an underestimation???? American intelligence notified on time. What does this mean about an AMAN [Alon: the Israeli intelligence organization]? I am very worried.,"Feb 26, 2022 Â· 9:23 AM UTC",IL,,,,
@UsBnnxVURfS4lPJ,"×›×œ ××©×¤×˜ ×©×œ×¤×™×“ ××•×¦×™× ××¤×™×•
 ××ª×‘×¨×¨ ×›×‘×¢×œ ×¤×•×˜× ×¦×™××œ ×œ× ×–×§ ×‘×œ×ª×™ ×”×¤×™×š ×œ×™×—×¡×™ ×”×—×•×¥ ×©×œ ×™×©×¨××œ ×¢× ××“×™× ×•×ª ×”×¢×•×œ× ×ª×¢× ×™×ª ×“×™×‘×•×¨ ×œ× ×ª×–×™×§ ×œ×“×‘×™×œ.",Every sentence that Lapid utters  turns out to have the potential to cause irreversible damage to Israel's foreign relations with the countries of the world. A vow of silence wouldnâ€™t hurt this idiot,"Feb 25, 2022 Â· 8:46 PM UTC",IL,,,,
@UsBnnxVURfS4lPJ,"×ª××•× ××•×©×œ× ×œ×œ× ×¡×¤×§.
××¤×©×¨ ×œ×•××¨ ××™×Ÿ ××¦× ××ª ××™× ×•.
××¤×©×¨ ×œ×¡××•×š ×¢×œ ×”×¦××“ ×©×™××¦××• ×ª××™×“ ××ª ×”×“×‘×¨ ×”×œ× × ×›×•×Ÿ ×œ×¢×©×•×ª.",Perfect coordination without a doubt. You can say he found his match. You can count on the duo to always find the wrong thing to do.,"Feb 24, 2022 Â· 9:32 PM UTC",IL,,,,
@dyesh,××™×–×” ×”×¤×ª×¢×”. ×¨×§ ×›××” ×©×‘×•×¢×•×ª ×›×‘×¨ ××‘×§×©×™× ×œ× ×œ×¡×•×¢ ×œ×©× ×•×œ×¦××ª ××©×. ×¢×›×©×™×• ×× ×—× ×• ×¦×¨×™×›×™× ×œ×—×œ×¥ ××•×ª× ×‘×˜×—.,what a surprise. It's only been a few weeks that they've been asking not to go there and get out of there. Now we have to get them out of course.,"Feb 24, 2022 Â· 8:41 AM UTC",IL,,,,
@Eskande07383937,"×¨×§ ×©×”××¢×¨×‘ ×©×›×— ××”×× ×©×™× ×©×œ ×—×‘×œ ×”×“×•× ×‘××¡ ×‘ 8 ×©× ×™× ×”××—×¨×•× ×•×ª ×•×¤×©×¢×™ ×”××œ×—××” ×©×—×œ×§ ××”××•×§×¨××™× ×™× ×©×•×‘ ××‘×¦×¢×™× ×©×

×•×”××¢×¨×‘ ×ª×•××š ×“×•×•×§× ×‘×¨×¢×™× 
×‘×¦×‘×™×¢×•×ª×• ×”× ××•×¨×”:

Donbass: The Grey Zone. 
Life in the frontline villages

piped.video/watch?v=Kc7P6jâ€¦",It's just that the West forgot about the people of the Donbas region in the last 8 years and about the war crimes that some Ukrainians are again committing there.  And the West actually supports the bad guys In his enlightened hypocrisy:  Donbass: The Gray Zone. Life in the frontline villages  piped.video/watch?v=Kc7P6jâ€¦,"Feb 25, 2022 Â· 5:59 PM UTC",IL,,,,
@capitalsitzoem,"××” ××ª× ×‘×›×œ×œ ××“×‘×¨×¨×™× ××•×ª×•?

××™×Ÿ ×œ×›× ×˜×™×¤×ª ×›×‘×•×“ ×œ×× ×©×™× ×©× ×›×‘×©×• ×¢×™ ×¤×•×˜×™×Ÿ?",Why are you even giving him a platform?  Do you have no respect for the people conquered by Putin?,"Feb 25, 2022 Â· 2:57 PM UTC",IL,,,,
@AlutaDavid1,VidÃ©o de sources ukrainiennes d'un hÃ©licoptÃ¨re armÃ© russe Ka-52 qui a Ã©tÃ© larguÃ© autour de Gustomel aprÃ¨s de graves dommages. @SimNasr @FranceBagdad @jonaskasi16 @RFI @ReutersWitness,VidÃ©o de sources ukrainiennes d'un hÃ©licoptÃ¨re armÃ© russe Ka-52 qui a Ã©tÃ© larguÃ© autour de Gustomel aprÃ¨s de graves dommages. @SimNasr @FranceBagdad @jonaskasi16 @RFI @ReutersWitness,"Feb 24, 2022 Â· 2:31 PM UTC",IL,,,,
@EzraHaba,××™ ×©×—×•×©×‘ ×©×ª×’×•×‘×ª ×”×××¨×™×§××™×™× ×œ××™×¨× ×™× ×ª×”×™×” ×©×•× ×” ××ª×’×•×‘×ª× ×œ×¨×•×¡×™× ×‘××•×§×¨××™× ×” ×˜×•×¢×” ×•××˜×¢×” ×‘×’×“×•×œ ! ×•××¡×›×Ÿ ××ª ×¢×ª×™×“× ×•,Whoever thinks that the reaction of the Americans to the Iranians will be different from their reaction to the Russians in Ukraine is wrong and greatly mistaken! and endangering our future,"Feb 24, 2022 Â· 7:42 AM UTC",IL,,,,
@9cUwpcUTaRA22PF,"×¨×•×¦×™× ×œ×”×ª×¢×“×›×Ÿ ×‘×›×œ ××” ×©×§×•×¨×” ×‘×™×Ÿ ×¨×•×¡×™×” ×œ××•×§×¨××™× ×”?
×–×™×¨×ª ×”×—×“×©×•×ª
×›×œ ×”×—×“×©×•×ª ×•×”×¢×“×›×•× ×™× ×‘××§×•× ××—×“
chat.whatsapp.com/I0qhLmdtdPâ€¦",Want to keep up to date with everything that's happening between Russia and Ukraine? The news arena All the news and updates in one place chat.whatsapp.com/I0qhLmdtdPâ€¦,"Feb 24, 2022 Â· 7:30 PM UTC",IL,,,,
@michgold1,"×œ× ××‘×™×Ÿ ×œ××” ×–×¨×™× × ×©××¨×• ×‘××•×§×¨××™× ×”, ×›×©×›×‘×¨ ×©×‘×•×¢×•×ª ×”×™×• ×“×™×‘×•×¨×™× ×¢×œ ×¤×œ×™×©×” ×‘×¨××” ×›×–××ª ××• ××—×¨×ª","I don't understand why foreigners stayed in Ukraine, when for weeks there was talk of an invasion at one level or another","Feb 25, 2022 Â· 10:37 AM UTC",IL,,,,
@6HQz8EjLtiQyws0,××– ×¢×›×©×™×• ×”××•×§×¨××™× ×™ ×”×–××” ××‘×§×© ×œ×¡×‘×š ×’× ××ª ×™×©×¨××œ ××¡×•×¨ ×œ×”×¡×›×™× ×—×™×™×‘×™× ×œ×”×ª×¢×œ× ×•×œ× ×œ× ×§×•×˜ ×©×•× ×¦×“,"So now the Ukrainian lecher wants to complicate Israel as well, we must not agree, we must ignore and not take any side","Feb 25, 2022 Â· 7:07 PM UTC",IL,,,,
@Eskande07383937,"×¡×¨×˜ ×ª×¢×•×“×” ××’×‘×•×œ ×—×‘×œ ×”×“×•× ×‘××¡.

@MoavVardi
@gilicohen10
@Yoav__Zehavi
@itamargalit
@BenYaniv1
@nathanguttman
@AmichaiStein1
@antonia_yamin
@hadasgrinberg
@guyzo 

×¦×¤×™×™×” ""××”× ×”"" #××”×¦×“_×”×©× ×™

Donbass: The Grey Zone. Life in the frontline villages  

piped.video/watch?v=Kc7P6jâ€¦","A documentary film from the border of the Donbas region.  @MoavVardi @gilicohen10 @Yoav__Zehavi @itamargalit @BenYaniv1 @nathanguttman @AmichaiStein1 @antonia_yamin @hadasgrinberg @guyzo  Watching ""enjoyable"" #from_the_other_side  Donbass: The Gray Zone. Life in the frontline villages  piped.video/watch?v=Kc7P6jâ€¦","Feb 24, 2022 Â· 9:26 PM UTC",IL,,,,
@Jetje78999135,"Vreselijk!ğŸ˜ª We laten een land met goede bedoelingen richting EU/NAVO ""gewoon"" in de kou staan.",,"Feb 25, 2022 Â· 9:04 AM UTC",NL,neg,Standpoint on the war?,"We laten een land met goede bedoelingen richting EU/NAVO ""gewoon"" in de kou staan.",NaN
@pukkel471,Ze staat op de bus te wachten naar het werk.,,"Feb 25, 2022 Â· 7:58 AM UTC",NL,neu,NaN,NaN,NaN
@9a0aa893b7b444f,"Poetin maakt het niet uit als de bevolking honger heeft.
Hij is gek en doet wat hij wil",,"Feb 24, 2022 Â· 8:58 PM UTC",NL,neu,View on Putin,Hij is gek en doet wat hij wil,Poetin maakt het niet uit als de bevolking honger heeft.?
@PhilipEdinbruh,"De AZC's zitten al vol met mannen, laten we het nu beperken tot vrouwen",,"Feb 24, 2022 Â· 1:17 PM UTC",NL,neu,Which refugees to allow entering the country,"De AZC's zitten al vol met mannen, laten we het nu beperken tot vrouwen",NaN
@Melcom53685249,Europese leiders hebben geen ruggengraat met hun geouwehoer over zware sancties die eigenlijk niets voorstellen.,,"Feb 25, 2022 Â· 2:56 PM UTC",NL,neg,Sanctions against Putin and his followers,Europese leiders hebben geen ruggengraat,geouwehoer over zware sancties die eigenlijk niets voorstellen.
@pukkel471,Hij zal wel met zijn staart tussen de benen vluchten met zijn corrupte bende.,,"Feb 25, 2022 Â· 3:55 PM UTC",NL,,,,
@58Kameleon,Stop eens met deze propaganda. Er is helemaal niets aan de hand in Oekraine. Mensen maar bang maken. Gelukkig hebben vele Nederlanders door waar jullie staattv mee bezig zijn. Alleen maar FAKENIEUWS,,"Feb 24, 2022 Â· 6:32 AM UTC",NL,,,,
@TINUS51,"De reacties zijn weer van het allerhoogste niveau â€¦. Man man man , ik hoop voor jullie dat je nooit in een oorlog verzeild raakt . Ik heb in de jaren 90 in BosniÃ« gezien wat dat doet !!!!!",,"Feb 24, 2022 Â· 3:55 PM UTC",NL,,,,
@JHR1958,Verbazingwekkend dat hij nu al wil praten. Onzeker over uitkomst?,,"Feb 25, 2022 Â· 6:52 PM UTC",NL,,,,
@esromee,"Vreselijk. Is Poetin nog wel helemaal lekker? 
Al die onschuldige mensen omdat WEER 1 leider zich verveeld en voordat hij dood gaat zijn onderdanen in de oorlog jaagt. 
Ik hoop dat de russen wakker worden en Poetin verjagen. Maar vrij spreken durven ze waarschijnlijk niet.",,"Feb 24, 2022 Â· 8:26 AM UTC",NL,,,,
@YvonneSnitjer,"Niet alleen het materiaal is in aantal vele keren meer
Helaas is men ook getraind om koste wat kost ...
Het is dan ook te hopen dat de Wagner ... hoewel het zou fijn zijn als deze uit Libie en elders vertrekken
ook deze week weer 2 kinderen omgekomen door hen",,"Feb 24, 2022 Â· 3:06 PM UTC",NL,,,,
@arnoudfey,"Ze moeten er een 2de Afghanistan van maken de OekraÃ¯ners en al het mogelijke van het Westen krijgen.Wapens,mevr.Kaag etc.",,"Feb 25, 2022 Â· 11:02 PM UTC",NL,,,,
@9a0aa893b7b444f,"Gut zielige wappies moeten corona erbij halen.
Hoe dom ben je dan",,"Feb 24, 2022 Â· 11:23 AM UTC",NL,,,,
@Ronnie_te_B,"Ik wordt hier intens verdrietig van.
We voeren oorlog tegen de politiek, niet tegen de burgers van OekraÃ¯ne????
#Oekraine #civilwar2022",,"Feb 25, 2022 Â· 12:04 PM UTC",NL,,,,
@HaagseHopjes123,Ik dacht dat jij zo'n voorstander was van lockdowns?! Je zal maar een restaurant hebben en te maken krijgen met lockdowns.,,"Feb 24, 2022 Â· 8:24 AM UTC",NL,,,,
@NOahsrk2,Die leger oefeningen van Poetin zijn nu wel erg realistisch aan het worden.,,"Feb 24, 2022 Â· 7:26 AM UTC",NL,,,,
@michel_aalbers,Laten we die kut politieke leiders hier in Nederland het land uitzetten. En die dut ambassade van het diktator regiem plat bombarderen en zorgen dat ze hier nooit meer mogen verblijven,,"Feb 24, 2022 Â· 5:44 PM UTC",NL,,,,
@Fugazi_1967,Wat een onzin om vluchtelingen uit OekraÃ¯ne in NL op te vangen. Wij hebben toch geen enkele binding met dat land en moeten ons niet verantwoordelijk of schuldig voelen. Absolute nonsens.,,"Feb 25, 2022 Â· 5:48 PM UTC",NL,,,,
@SincerityFiirst,Degene die het voorstel niet steunen hebben een bijdrage aan het bloedbad. Inmiddels zijn er al tientallen doden aan de OekraÃ¯nse kant gemeld.,,"Feb 25, 2022 Â· 11:07 AM UTC",NL,,,,
@ECleynenbreugel,"@nos waarom verspreiden jullie Ruslands propaganda door op de voorpagina te zetten dat poetin vraagt de OekraÃ¯ners over te lopen?
RT nieuws is een grote leugen om de verhaallijn van het glorieuze Rusland te verkondigen",,"Feb 25, 2022 Â· 4:15 PM UTC",NL,,,,
@OlafNL,"Sancties lijken mij vooralsnog contraproduktief. het drijft Rusland richting China, wiens opstelling van uiterst cruciaal belang is. Zuid Chinese zee conflict en her-overing van Taiwan kunnen voor een wereldoorlog zorgen. Turkije (NAVO) kan ook voor verrassingen zorgen.",,"Feb 24, 2022 Â· 6:47 AM UTC",NL,,,,
@dnijhof55,Zijn er ook bouwvakkers bij of zijn het alleen autohandelaars,,"Feb 24, 2022 Â· 1:56 PM UTC",NL,,,,
@lazyenlastig,"Ja het lijkt Canada wel, maar daar praten we niet over hÃ¨",,"Feb 25, 2022 Â· 6:26 AM UTC",NL,,,,
@AnnaIke,Ik begrijp dat we de Russen van de Zuidas gekickt hebben?,,"Feb 24, 2022 Â· 11:04 AM UTC",NL,,,,
@AlienNostromus,We hebben genoeg woningen om ze onder te brengen toch?,,"Feb 25, 2022 Â· 4:41 PM UTC",NL,,,,
@LiaLadyL,We weten dat zo wie zo alle prijzen voor ons Nederlanders nu de pan uit schieten.,,"Feb 24, 2022 Â· 7:41 AM UTC",NL,,,,
@Jay2007V,"Goh,tis een x wat anders dan de VS die zoals gewoonlijk de oorlog verklaart op basis van leugens.Dan staan de grootste oorlogszuchtige lafbekken ter wereld te blaffen. Nu durven ze niet want deze beer heeft geen stokken en stenen, om zich te verweren tegen Westerse agressie.ğŸ˜‚ğŸ˜‚",,"Feb 24, 2022 Â· 3:26 AM UTC",NL,,,,
@hweis90388952,"Deze mensen moeten nu opgevangen worden. Van buiten Europa moet afgelopen zijn. China en Poetin nemen geen vluchtelingen op. Wij wel en dat brengt Europa ook aan het wankelen. Als er in Europa een oproep zou komen voor dienstplicht, gaan de jongelui met dubbel paspoort dan terug?",,"Feb 25, 2022 Â· 9:12 AM UTC",NL,,,,
@etterkwak,Dat deze persoon het overleefd heeft is echt een klein wonder.,,"Feb 25, 2022 Â· 11:37 AM UTC",NL,,,,
@EricJFKleijssen,"lachen joh ğŸ˜¡, 13 jonge grenswachten vermoord en Hubert Smeets moet er om lachen ğŸ™ˆ oud (â€¦) correspondent of Stand Up Comedian ?ğŸ¤®ğŸ¤®ğŸ¤® Zeg @nos hebben jullie niks beters dan deze #HansKlavan ?",,"Feb 25, 2022 Â· 7:47 AM UTC",NL,,,,
@Hashtaggerforl1,"Rusland heeft weinig staatschuld... 
Weinig schulden aan andere landen.
En als klap op de vuurpijl ze hebben zwaar geinvesteerd in goud en dat soort zalen waarvan de prijs eerder stijgt dan zakt..

Dit kunnen ze wel ff uitzingen",,"Feb 24, 2022 Â· 8:48 PM UTC",NL,,,,
@jannnuuss,Voor alle knappe blonde OekraÃ¯nse dames jullie zijn welkom hier hoor,,"Feb 24, 2022 Â· 6:40 AM UTC",NL,,,,
@55Kempenaar,"Geschiedenis herhaalt zich  excuus zoeken om binnen te vallen en dan aanvallen , Adolf Poetin met z'n maatje Mussolini in Belarus, misschien na een aantal jaar zal Moskou branden als Berlijn",,"Feb 24, 2022 Â· 8:05 AM UTC",NL,,,,
@DhrHofstede,Dat heeft de al bijna 2 jaar door een apartheidsstaat te creÃ«ren op basis van medische nonsens.,,"Feb 24, 2022 Â· 9:24 AM UTC",NL,,,,
@nanne1988,"Dat giro 999 heeft wel lef hÃ¨! Weet iedereen het nog het OekraÃ¯ne referendum, niemand wilde OekraÃ¯ne erbij en toch werd het door u neus geboord! En nu geld vragen terwijl de meeste Nederlanders het alleen maar moeilijker gaan krijgen!! Schaam je!",,"Feb 24, 2022 Â· 1:44 PM UTC",NL,,,,
@WielkopolskaPL,Schrijf niet Putin kondigt militaire operatie.  Maar Rusland kondigt oorlog !,,"Feb 24, 2022 Â· 5:47 AM UTC",NL,,,,
@DHoogduin,iets met verdragen enzo. en we zijn immers niet in oorlog met rusland. ukraine is in oorlog met rusland. geen eu lid en geen navo lid. En laten we dat zo houden.,,"Feb 25, 2022 Â· 1:14 PM UTC",NL,,,,
@ReneNaafs,Ach ach bla bla we hebben alleen onzelf er mee let maar op je portemonnee,,"Feb 25, 2022 Â· 6:00 AM UTC",NL,,,,
@primerablond,Erdoghan is de enige die OekraÃ¯ne durfde te steunen met drones. Hij heeft OekraÃ¯ne nota bene een fabriek voor drones laten bouwen. terwijl de andere navolanden alleen helmen en vesten stuurden. Wat een flutartikel weer.,,"Feb 25, 2022 Â· 6:25 PM UTC",NL,,,,
@Remco76887460,"De schuld van de #NATO! ELKE KEER MAAR VERDER OPSCHUIVEN NAAR HET OOSTEN. 
NU IS OEKRAÃNE DOOR JULLIE IN OORLOG EN LATEN JULLIE ZE VALLEN.",,"Feb 24, 2022 Â· 10:42 AM UTC",NL,,,,
@Shad0wrune,"ah de sectie domme vragen is er weer:
Antwoord: landje pik",,"Feb 24, 2022 Â· 5:03 PM UTC",NL,,,,
@MTheYoungOne,"Kom maar naar NL, â€˜veilige landersâ€™ als de sodemieter de grens over en OekraÃ¯ners welkom ğŸ‡ºğŸ‡¦",,"Feb 24, 2022 Â· 1:36 PM UTC",NL,,,,
@reest_jan,"Het grootste gevaar is nog niet geweken, als mister Poetin nog verder gaat dan de Oekraine en een navo land aanvalt!",,"Feb 24, 2022 Â· 11:42 AM UTC",NL,,,,
@Metssr,"Ik zou zweren dat ik op school vroeger leerde bij aardrijkskunde dat Kiev in Rusland lag? 
Wanneer is dat veranderd?  ğŸ¤”",,"Feb 25, 2022 Â· 7:55 AM UTC",NL,,,,
@ayahowololo,"Oh, we hebben hier ook nog de PVV en FvD als de poster boys van Putin.",,"Feb 25, 2022 Â· 6:12 PM UTC",NL,,,,
@vermeer_jos,Er zijn veel zakenmensen uit Rusland die hun geld verdienen in Europa. Bevries deze bankrekeningen en stuur ze terug naar Poetin. Pas terugkomen als die gek weer normaal doet.,,"Feb 24, 2022 Â· 9:19 AM UTC",NL,,,,
@TheRightNL,"De nepbeelden blijven maar exposed worden. We worden keihard bedonderd. Laat je niet bedonderen!

Een militaire oefening van vliegtuigen in Rusland uit 2020 is zogenaamd OekraÃ¯ne
piped.video/watch?v=rR8R4epmâ€¦

Een explosie in China in 2015 is zogenaamd OekraÃ¯ne 
piped.video/watch?v=ONsmJAyFâ€¦",,"Feb 25, 2022 Â· 11:59 AM UTC",NL,,,,
@Hallo12345620,"Amerika heeft al 100 oorlogen gemaakt.

GecreÃ«erd. Geschapen.

Een atoombom gegooid. Vele oorlogen met valse voorwendselen. Waar achteraf niks van klopte.",,"Feb 24, 2022 Â· 11:03 AM UTC",NL,,,,
@bighair73,"Volgens mij het enige middel, waarmee je hen raakt. Al zullen ze vast nog wel ergens een oude sok hebben liggen",,"Feb 25, 2022 Â· 2:32 PM UTC",NL,,,,
@Whois_known,"""Kamerleden teleurgesteld dat Rusland niet wordt afgesloten van betaalsysteem"" 

Met andere woorden de VVD,D66 en PvdA willen een 3e wereldoorlog. Aangezien Poetin heeft verklaard dit als een oorlogsverklaring te zien.",,"Feb 25, 2022 Â· 9:23 AM UTC",NL,,,,
7421539716,æ¥å‘€æ°‘ä¸»ä¸»ä¹‰å¢™å¤´è‰ å®˜æ–¹è¡¨æ€æœä¸æœï¼Ÿ ç»§ç»­å‘â€œå’Œå¹³â€è¿›æ”»å•Šã€‚,"Come on, democratic wallflower, are you convinced by the official position? Continue to attack ""peace"".",1645863801000,ZH,,,,
2265707352,å¯æ€œä¹‹äººå¿…æœ‰å¯æ¨ä¹‹å¤„çš„é“ç†,Poor people must be hateful,1645815348000,ZH,,,,
5984517438,é£èµ·äº†ï¼Œåšå¯¹å°è´¸æ˜“çš„è¯¥ç»™è‡ªå·±ç•™é€€è·¯äº†ï¼Œå³å€¾ç»¥é–æƒ å°æ´¾å¿…å®šæ²¡æœ‰å¥½ä¸‹åœº,The wind is blowing. Those engaged in trade with Taiwan should leave a way out for themselves. The right-leaning appeasement and benefit-Taiwan faction will definitely not end well.,1645874608000,ZH,,,,
5943162693,æ’¤å›æ¥è¿˜æ€•åƒé‡ŒæŠ•æ¯’å‘¢ æ’¤ä¸ªå±å•Š,"If you withdraw, you are afraid of being poisoned from thousands of miles away. What the hell are you withdrawing?",1645862808000,ZH,,,,
2488663784,å“ªä¸ªå›½å®¶æˆ‘ä¹Ÿä¸æ”¯æŒï¼Œæˆ‘å°±å¸Œæœ›åŒèƒå®‰å…¨å°½å¿«å›å›½ã€‚,I donâ€™t support any country. I just hope that my compatriots can return home safely and as soon as possible.,1645799408000,ZH,,,,
1710932053,ç¥–å›½çš„ç«‹åœºå°±æ˜¯æˆ‘çš„ç«‹åœº[è™çˆªæ¯”å¿ƒ][è™çˆªæ¯”å¿ƒ],The position of the motherland is my position [Tiger Claws Compare Hearts] [Tiger Claws Compare Hearts],1645807296000,ZH,,,,
5632264062,ç°åœ¨æ²¡æœ‰äººä¼šå†è¯´â€œç²¾ç¡®æ‰“å‡»â€ï¼Œç›¸ä¿¡å¼€æˆ˜çš„ä»»ä½•ä¸€æ–¹çš„é¬¼è¯éƒ½ä¼šä»˜å‡ºæƒ¨ç—›çš„ä»£ä»·,"No one will talk about ""precision strike"" anymore. Anyone who believes in the lies of the war will pay a heavy price.",1645799695000,ZH,,,,
6209131195,å›å­ä¸ç«‹å±å¢™ä¹‹ä¸‹ï¼Œèƒ½èµ°å¿«èµ°å§ï¼Œå·²ç»å‘æ°‘ä¼—å‘æ­¦å™¨äº†ï¼Œäººæ°‘æˆ˜äº‰ä¸€å¼€å§‹ï¼Œæ°‘é—´æ­¦è£…å¯èƒ½ä¼šå¤±æ§æŠ¥å¤ã€‚,"If a gentleman does not stand behind a dangerous wall, he can move as fast as he can. We have already issued weapons to the people. Once the people's war begins, the civilian armed forces may lose control and retaliate.",1645862752000,ZH,,,,
2049365717,2æœˆ12æ—¥ç¾æ—¥è‹±ç­‰å›½å·²ç»æ’¤ä¾¨äº†ã€‚ä½ ä»¬ç°åœ¨è¿˜é¡¶ç€é£æœºå¯¼å¼¹ç­‰æ•‘æ´ï¼Œä¹Ÿä¸çŸ¥é“æœ‰ä»€ä¹ˆå¯é«˜å…´çš„ã€‚,"On February 12, the United States, Japan, Britain and other countries had already evacuated their citizens. You are still waiting for rescue with planes and missiles, so you donâ€™t know what to be happy about.",1645868595000,ZH,,,,
1450206850,åŠä¼¼ä¸ä¼¼åŠä¼¼æœˆï¼Œæ›¾ä¸ºæ²§æµ·å’¬ä¸€è™šã€‚-è´«é“èƒ½ç®—åƒå¹´,"Half like but not half like the moon, it was once bitten by the sea. - A poor man can count thousands of years",1645815253000,ZH,,,,
1668685652,æœ‰é”™çš„æ˜¯ä¹Œå…‹å…°æ”¿å®¢ä»¬ï¼Œå’Œç¾å›½ä»£è¡¨çš„åŒ—çº¦ï¼Œä½†æ˜¯è€ç™¾å§“éƒ½æ˜¯æ”¿æ²»çš„æ— è¾œå—å®³è€…,"The fault lies with Ukrainian politicians and NATO represented by the United States, but ordinary people are innocent victims of politics.",1645799335000,ZH,,,,
5243682002,ä¸è¦è‡ªæˆ‘æ„ŸåŠ¨æ¸…é†’ä¸€ç‚¹ï¼Œæœ‰äº›äººå°±æ˜¯å…»ä¸ç†Ÿçš„ç™½çœ¼ç‹¼,Don't be moved by yourself and wake up. Some people are just white-eyed wolves who are not well-fed.,1645871371000,ZH,,,,
6488450434,ä¸–ç•Œå’Œå¹³çš„å‰æå¾—æ˜¯å…¨ä¸–ç•Œéƒ½å…ˆä¸“æ³¨è‡ªå®¶å§ğŸ™,The prerequisite for world peace is that the whole world should focus on itself firstğŸ™,1645834377000,ZH,,,,
5035373296,ä¸­å›½å¤–äº¤éƒ¨å‘è¨€äºº18å·è¿˜è¯´ç¾å›½çš„ä¿„ç½—æ–¯å…¥ä¾µä¹Œå…‹å…°æƒ…æŠ¥ä¸å¯ä¿¡ã€‚ä¸§å¤±æ’¤ä¾¨æ—¶æœºã€‚,The spokesperson of the Chinese Ministry of Foreign Affairs also said on the 18th that the U.S. intelligence on Russiaâ€™s invasion of Ukraine was not credible. The opportunity to evacuate overseas Chinese was lost.,1645868334000,ZH,,,,
1758681201,åŒ—çº¦å°±åº”è¯¥è§£æ•£ï¼Œé»‘ç¤¾ä¼šæ€§è´¨çš„ç‹—å±ç»„ç»‡,"NATO should be disbanded, itâ€™s a gangster bullshit organization.",1645806944000,ZH,,,,
1762612564,å¦‚æœç–«å›½åŒ—çº¦ï¼ŒğŸ‡ªğŸ‡ºå†ä¸æœè½¯çš„è¯ï¼ŒğŸ‡ºğŸ‡¦å¯çœŸè¦æ•‘ä¸æ´»äº†~ è¿™å¯æ˜¯æ™®å¸ä»¤å‡ºäºäººé“ï¼Œç•™ç»™ä½ ä»¬æœ€åçš„ä¸€ä¸ªæœºä¼š~ [é˜´é™©][é˜´é™©],"If NATO, the epidemic country, ğŸ‡ªğŸ‡º does not give in, ğŸ‡ºğŸ‡¦ will really be saved~ This is the last chance that Commander Pu will leave to you out of humanity~ [Insidious][Insidious]",1645796581000,ZH,,,,
3189334074,ä¸åœ¨ä¹ä½ è¯´ä»€ä¹ˆï¼Œåˆ°æ—¶å€™è¯·åœ¨æ»©å¤´æŒ¥åŠ¨äº”æ˜Ÿçº¢æ——æ¥åº”,"I donâ€™t care what you say. When the time comes, please wave the five-star red flag on the beach to respond.",1645921643000,ZH,,,,
6112786728,åº”æ’¤å°½æ’¤ æ„¿æ’¤å°½æ’¤ å›å›½åå¥½å¥½éš”ç¦»,"If you should evacuate, please evacuate. If you wish to evacuate, please quarantine yourself after returning to the country.",1645864236000,ZH,,,,
3723545374,å…¶å®æˆ‘è§‰å¾— å’±ä»¬å›½å®¶å³ä½¿ä½ æ²¡æœ‰å°èƒè¯ä¹Ÿä¼šæ¥ä½ å›æ¥,"In fact, I think our country will take you back even if you donâ€™t have a Taiwan Compatriot Certificate.",1645877317000,ZH,,,,
2610719313,ç‚®ç«æ”»å‡»çš„æ˜¯ä¹Œå…‹å…°ï¼ä½†æ‰“çš„æ˜¯éœ‰ç¦»å¥¸ç¥¸ä¼—å›½å’ŒåŒ—çº¦ã€‚ã€‚ã€‚ã€‚ã€‚,"The artillery fire is attacking Ukraine! But what we are fighting is Mili, who is causing harm to all countries and NATO. . . . .",1645800071000,ZH,,,,
1868094431,ç¾æ–¹æœ‰æ¯›ç—…ï¼Ÿè¿˜è®©ä¸­å›½é€‰è¾¹ç«™ï¼Ÿä»–ä»¥ä¸ºä»–è°å•Šï¼Œä»–å“ªæ¥çš„èµ„æ ¼å•Šï¼Ÿå…³ä»–å±äº‹å•Š,Is there something wrong with the US? Are you going to let China choose a side? Who does he think he is? Where does he have the qualifications? It's none of his business,1645807105000,ZH,,,,
7299025348,ã€#ä¿„æˆ˜æ–—æœºç¾¤æ¥è¿‘ä¹Œå…‹å…°é¦–éƒ½åŸºè¾…# é˜²ç©ºè­¦æŠ¥å†æ¬¡æ‹‰å“ã€‘å½“åœ°æ—¶é—´25æ—¥8æ—¶20åˆ†è®¸ï¼Œä¿„ç½—æ–¯çš„ä¸€æ”¯æˆ˜æ–—æœºç¾¤æ¥è¿‘ä¹Œå…‹å…°é¦–éƒ½åŸºè¾…ï¼Œå°†äº10è‡³15åˆ†é’Ÿåˆ°è¾¾åŸºè¾…ä¸Šç©ºã€‚#åŸºè¾…é˜²ç©ºè­¦æŠ¥å†æ¬¡æ‹‰å“#ï¼Œå¸‚æ”¿åºœæ•¦ä¿ƒæ‰€æœ‰å¸‚æ°‘å‰å¾€é¿éš¾æ‰€ã€‚,"[#Russian Fighter Group Approaches Kiev, Capital of Ukraine# The air defense siren sounded again] At about 8:20 local time on the 25th, a Russian fighter group approached Kiev, the capital of Ukraine, and will arrive over Kiev in 10 to 15 minutes. #Kievairraidwarning sounded again#, and the city government urged all citizens to go to shelters.",1645800927000,ZH,,,,
6901516007,[å“†å•¦Aæ¢¦å®³æ€•][å“†å•¦Aæ¢¦å®³æ€•][å“†å•¦Aæ¢¦å®³æ€•][å“†å•¦Aæ¢¦å®³æ€•],[Doraemon is afraid][Doraemon is afraid][Doraemon is afraid][Doraemon is afraid],1645796127000,ZH,,,,
5334310765,ä¸­å›½çš„å®¶äººä»¬ä¸€åˆ‡å¹³å®‰ï¼Œæ„¿ä¸–ç•Œå’Œå¹³ğŸ™,All the Chinese families are well and may the world be peacefulğŸ™,1645857879000,ZH,,,,
5744707569,ç°åœ¨æˆ˜äº‰æœŸé—´ï¼Œå‘†è›™å’Œé¦™æ¸¯é»„æ¯’æ´»è·ƒåœ¨å¾®åšé¢†åŸŸï¼Œåˆ°å¤„æ··æ·†è§†å¬ï¼Œæ”¹ç®¡ç®¡äº†ã€‚@æ¥å»ä¹‹é—´ @ä¸­å›½è­¦æ–¹åœ¨çº¿@ä¸­å›½æ”¿åºœç½‘,"Now during the war, Daiwa and Hong Kong Porn are active in the Weibo field, confusing the public and changing the control. @æ¥äº†between @ä¸­å›½PoliceOnline@ä¸­å›½governmentalç½‘",1645859378000,ZH,,,,
5102254567,ä¸­å›½å¤–äº¤éƒ¨çš„æ€åº¦å°±æ˜¯æˆ‘çš„æ€åº¦ ä»–ä»¬ç«™å“ªè¾¹æˆ‘å°±ç«™å“ªè¾¹,The attitude of the Chinese Ministry of Foreign Affairs is my attitude. I will stand wherever they stand.,1645809506000,ZH,,,,
3565408647,æ‰€æœ‰åæœéƒ½è¦è¿½ä»–ä»¬çš„è´£ä»»ï¼Œå°±æ˜¯ä¹Œå®˜å‘˜æ²¡è„‘å­,They must be held responsible for all consequences. It is because Ukrainian officials have no brains.,1645815745000,ZH,,,,
6201940150,ç¾å›½å°±æ˜¯ç®¡çš„å®½ ä¸­æ–¹ä»€ä¹ˆç«‹åœºæœ‰å¿…è¦å‘Šè¯‰ä½  ç®¡å¥½ä½ è‡ªå·±,The United States is very lenient in its management. China needs to tell you what its position is. Take care of yourself.,1646038494000,ZH,,,,
2283964872,è¿™å°±æ˜¯ä¸­å›½æ”¿åºœçš„åŠäº‹æ•ˆç‡ï¼Œæ’¤ç¦»é¢„æ¡ˆéƒ½å‡ å¤©äº†è¿˜æ²¡æ’¤ï¼Œå”‰......,This is the efficiency of the Chinese government. The evacuation plan has not been withdrawn even after several days. Alas...,1645859980000,ZH,,,,
2389619595,ç°åœ¨æƒ³èµ·æ¥ç¥–å›½çš„å¥½ã€å¸Œæœ›ä¸è¦åšç™½çœ¼ç‹¼,"Now that I think about the goodness of my motherland, I hope I wonâ€™t be a white-eyed wolf.",1645869942000,ZH,,,,
5266099427,â€œä¸­æ–¹çš„åšæ³•åŒä¸ªåˆ«å›½å®¶åˆ¶é€ å±æœºã€â€Œâ€Œè½¬å«å±æœºã€â€Œâ€Œä»å±æœºä¸­æ¸”åˆ©çš„åšæ³•å½¢æˆé²œæ˜å¯¹æ¯”â€æ‡‚äº†å—ï¼Œé‚£äº›ä¸ªåˆ«å›½å®¶[doge],"""China's approach is in sharp contrast to the practices of individual countries that create crises, pass on crises, and profit from crises."" Do you understand, those individual countries [doge]",1645808310000,ZH,,,,
5634052210,è¿™ç§æ–°é—»å’Œçƒ­æœçœŸçš„å¾ˆå°´å°¬ï¼Œåˆ«è¯´å°æ¹¾äººæœ¬æ¥å°±å¯¹æˆ‘ä»¬æ— æ„Ÿï¼Œæˆ‘ä»¬ä¹Ÿå¾ˆè®¨åŒå…³äºä»–ä»¬çš„æ¶ˆæ¯ï¼Œè€Œä¸”æ˜¯è¿™ç§è‡ªæˆ‘æ„ŸåŠ¨çš„æ¶ˆæ¯ã€‚,"This kind of news and hot searches are really embarrassing. Not to mention that Taiwanese people are indifferent to us. We also hate news about them, and it is such self-motivating news.",1645872404000,ZH,,,,
1773084214,æ¹¾æ¹¾åä¸­å»IGé€›ä¸€åœˆå°±èƒ½çœ‹åˆ°äº†....è¿˜taiwan can helpã€‚çœŸå¿ƒyueäº†,Go to IG and you can see Wanwan Anti-China....Taiwan can help. I really appreciate it,1645836366000,ZH,,,,
6268000348,å¾ˆæ˜¾ç„¶ï¼Œæ¬§ç¾ä¸æ˜¯å’Œå¹³æ­£ä¹‰ï¼Œè‚¯å®šä¸ä¼šç«™åœ¨ç™½å®«é‚£è¾¹[å¼€å­¦å­£],"Obviously, Europe and the United States are not committed to peace and justice, and they will certainly not side with the White House [Back to School Season]",1645809182000,ZH,,,,
5634013749,ä¸­å›½é©»ä¹Œå…‹å…°å¤§ä½¿é¦†ï¼š#å·²å¯åŠ¨åœ¨ä¹Œä¸­å›½å…¬æ°‘æ’¤ç¦»å·¥ä½œé¢„æ¡ˆ#,The Chinese Embassy in Ukraine: #has started the evacuation plan for Chinese citizens in Ukraine#,1645857784000,ZH,,,,
3565408647,ä¿„çš„ç›®çš„åªæ˜¯è¦å¸ä»–ä»¬çš„æ­¦åŠ›,Russia's purpose is just to relieve them of their armed forces,1645815835000,ZH,,,,
6273714369,åˆ¶é€ å±æœºã€è½¬å«å±æœºã€ä»å±æœºä¸­æ¸”åˆ©çš„ä¸ªåˆ«å›½å®¶æ˜¯è°ï¼Ÿä¸ç”¨æŠ¥èº«ä»½è¯å·äº†å§,"Who are the individual countries that created the crisis, passed it on, and profited from the crisis? No need to report your ID number, right?",1645811455000,ZH,,,,
5048383100,ä¸å¥½æ„æ€æˆ‘çœŸçš„ç¬‘å‡ºå£°äº† é«˜ç´ è´¨éª‚äºº[èµ],"Sorry, I actually laughed out loud. High-quality swearing [like]",1645807070000,ZH,,,,
7555200266,ç”Ÿæ´»åœ¨ä¸€ä¸ªå’Œå¹³çš„ä¸–ç•Œï¼Œå´è§è¯äº†ä¸€åœºæˆ˜äº‰[æ³ª]ä¸–ç•Œå’Œå¹³ï¼,"Living in a peaceful world, but witnessing a war [tears] World peace!",1645860906000,ZH,,,,
5951888263,â€œå³ä½¿ä½ ä¸å¬è¯ï¼Œä½†ä¹Ÿæ˜¯æˆ‘ä»¬çš„å­©å­å•Šâ€,"""Even if you disobey, you are still our child.""",1645853736000,ZH,,,,
3879338917,æˆ˜äº‰ä»æ¥éƒ½ä¸æ˜¯åƒç´ çš„ï¼Œå¸Œæœ›æ™®é€šæ°‘ä¼—å¹³å®‰ï¼,"The war has never been vegetarian, I hope ordinary people are safe!",1645798861000,ZH,,,,
6130280999,[å˜»å˜»][å˜»å˜»][å˜»å˜»]æ­£ä¹‰ä¸€æ–¹[å˜»å˜»][å˜»å˜»][å˜»å˜»],[Hee hee] [hee hee] [hee hee] The righteous side [hee hee] [hee hee] [hee hee],1645871880000,ZH,,,,
7470354784,æˆ‘æ˜¯åšå†³åå¯¹æˆ˜äº‰ï¼Œåå¯¹è¿åè”åˆå›½å®ªç« åŸåˆ™çš„è¡Œä¸ºã€‚åŒæ—¶ä¹Ÿæ”¯æŒæˆ‘å›½æ”¿åºœåå¯¹åŒ—çº¦ä¸œæ‰©çš„ç«‹åœºã€‚,"I am firmly opposed to war and actions that violate the principles of the United Nations Charter. At the same time, we also support our governmentâ€™s stance against NATOâ€™s eastward expansion.",1645799425000,ZH,,,,
7601946893,æŸå›½æˆå¤©æŒ‘äº‹ä¸å¹²äººäº‹è¿˜è€æƒ³æ‹–åˆ«äººä¸‹æ°´,"A certain country always stirs up troubles and never does anything about human affairs, and always wants to drag others down.",1645807278000,ZH,,,,
1224081372,ä¸ºä»€ä¹ˆè¯´å¤šçœ‹å¤–äº¤éƒ¨å‘è¨€ï¼Ÿä½ ä¼šçŸ¥é“è°ä¸€ç›´æƒ³æ‹‰ä¸­å›½ä¸‹æ°´ï¼æ‰€ä»¥ï¼Œé—­å˜´é—­å˜´é—­å˜´ï¼å…³æˆ‘ä»¬å±äº‹ï¼Œåˆ«è¢«åˆ©ç”¨èƒ¡ä¹±å…±æƒ…æŒ‡æ‘˜è‡ªå·±å›½å®¶ï¼,"Why do you say you should read more statements from the Ministry of Foreign Affairs? You will know who has been trying to bring China into trouble! So, shut up, shut up, shut up! Itâ€™s none of our business, donâ€™t be used to criticize your own country with random empathy!",1645870954000,ZH,,,,
6652998481,å“ˆå“ˆå“ˆï¼Œä¸­å›½æ‰ä¸ä¼šå¾€å‘é‡Œè·³å‘¢ï¼Œæ‰ä¸ä¼šç¾Šå…¥è™å£äº†ï¼Œåšä¸ªçœ‹æˆçš„è§‚ä¼—ä¸å¥½å—ã€‚ä½ æƒ³æ‹‰ä¸­å›½ä¸‹æ°´ï¼Œä¹˜æœºæ‰¾ç†ç”±åˆ¶è£ä¸­å›½ï¼ŒæŠŠæªå£å¯¹å‡†ä¸­å›½ï¼Œä½ ä¸è¦æƒ³äº†ï¼Œé—¨åœ¨å³è¾¹ï¼Œè°¢è°¢ï¼Œä½ è¯·ã€‚,"Hahaha, China will not jump into a pit, and it will not let a sheep fall into a tiger's mouth. Isn't it good to just be an audience watching a show? If you want to drag China into trouble, take the opportunity to find reasons to sanction China, and point your gun at China, stop thinking about it. The door is on the right, thank you, please.",1645809777000,ZH,,,,
2241305685,#æ™®äº¬å°†æ´¾ä»£è¡¨å›¢ä¸ä¹Œæ–¹è°ˆåˆ¤##æ™®äº¬ç§°æ„¿åŒä¹Œæ–¹å¼€å±•é«˜çº§åˆ«è°ˆåˆ¤# â€‹â€‹,#putin will send a delegation to negotiate with Uzbekistan##Putin said he is willing to carry out high-level negotiations with Uzbekistan#â€‹â€‹,1645889487000,ZH,,,,
2712459891,â€œä¸åœ¨ä¹Œå…‹å…°å¢ƒå†…éƒ¨ç½²æ­¦å™¨â€...è¿™è¦æ±‚å¤Ÿç‹ å•Šã€‚ã€‚ã€‚æ¼”å‘˜è¿™æ³¢å±å®è¿›é€€ä¸¤éš¾äº†...æ—©çŸ¥ä»Šæ—¥ä½•å¿…å½“åˆå‘¢ã€‚ã€‚ã€‚,"""No weapons deployed in Ukraine""... This is a harsh request. . . Actors are really in a dilemma this time... If I had known today, why would I have done it in the first place? . .",1645836799000,ZH,,,,
7483428623,èƒ½ä¸èƒ½ç»™æˆ‘åä¸‡ï¼Ÿæˆ‘æƒ³å»ä¹Œå…‹å…°æ‰“ä»—ï¼Œä¸æƒ³åœ¨å›½å†…æ‰“èºä¸äº†ï¼Œå¤ªæ†‹å±ˆäº†[æ™•][å¹²æ¯],Can you give me one hundred thousand? I want to go to Ukraine to fight. I donâ€™t want to screw in the country anymore. Itâ€™s too frustrating [faint] [cheers],1645831716000,ZH,,,,
1063566575,è¿™å¯èƒ½æ˜¯æˆ‘äººç”Ÿç¬¬ä¸€æ¬¡ç›®ç¹çœŸå®æˆ˜äº‰ï¼Œè¿˜æ˜¯åœ¨å¾®åšä¸Šã€‚[æ³ª],"This may be the first time in my life that I have witnessed a real war, and it was on Weibo. [tears]",1645801231000,ZH,,,,
